,City,Cloudiness,Country,Date,Humidity,Lat,Lng,Max Temp,Wind Speed
0,Punta Arenas,40,CL,1561675350,74,-53.16,-70.91,28.4,13.87
1,Dikson,84,RU,1561675351,96,73.51,80.55,33.8,4.74
2,Mahebourg,20,MU,1561675353,78,-20.41,57.7,73.4,11.41
3,Kloulklubed,75,PW,1561675354,78,7.04,134.26,82.4,11.41
4,Rikitea,100,PF,1561675355,82,-23.12,-134.97,75.33,17.16
5,Hilo,90,US,1561675356,74,19.71,-155.08,82.99,6.93
6,Mandalgovi,100,MN,1561675357,79,45.76,106.27,49.91,20.11
7,Lebu,40,ET,1561675126,93,8.96,38.73,57.2,0.94
8,Nador,75,MA,1561675357,78,35.17,-2.93,73.4,8.05
9,Qaanaaq,21,GL,1561675361,52,77.48,-69.36,43.11,4.12
10,Barrow,100,AR,1561675362,58,-38.31,-60.23,48.94,17.69
11,Bethel,40,US,1561675363,60,60.79,-161.76,71.6,3.36
12,Namibe,99,AO,1561675364,80,-15.19,12.15,64.19,13.29
13,Kapaa,75,US,1561675098,70,22.08,-159.32,84.2,20.8
14,Petropavlovsk-Kamchatskiy,100,RU,1561675366,81,53.05,158.65,51.8,4.47
15,Ancud,0,CL,1561675368,64,-41.87,-73.83,37.4,8.05
16,Wakkanai,100,JP,1561675146,74,45.41,141.67,52.67,22.48
17,Tuktoyaktuk,40,CA,1561675370,81,69.44,-133.03,44.6,10.29
18,Mataura,4,NZ,1561675371,88,-46.19,168.86,45.0,4.0
19,San Ignacio,57,PE,1561675372,95,-5.15,-79.0,63.18,2.42
20,Cape Town,75,ZA,1561675201,93,-33.93,18.42,57.99,18.34
21,Busselton,10,AU,1561675375,98,-33.64,115.35,39.99,21.18
22,Baoro,100,CF,1561675376,96,5.69,15.95,67.5,2.35
23,Airai,0,TL,1561675305,58,-8.93,125.41,72.67,3.04
24,Khatanga,67,RU,1561675378,63,71.98,102.47,61.47,4.59
25,Bluff,47,AU,1561675379,66,-23.58,149.07,66.33,22.91
26,Aksarka,94,RU,1561675380,58,66.56,67.8,51.26,11.54
27,Sao Filipe,0,CV,1561675381,86,14.9,-24.5,73.84,21.85
28,Kavieng,100,PG,1561675383,76,-2.57,150.8,84.06,14.61
29,Touros,75,BR,1561675384,94,-5.2,-35.46,77.0,4.7
30,Rongcheng,71,CN,1561675385,32,37.16,122.42,75.0,4.0
31,Wiwili,40,NI,1561675386,69,13.63,-85.83,77.0,13.87
32,Vaini,100,IN,1561675143,91,15.34,74.49,77.29,6.04
33,East London,0,ZA,1561675389,25,-33.02,27.91,63.23,7.18
34,Carnarvon,0,ZA,1561675390,28,-30.97,22.13,46.31,14.85
35,Ponta do Sol,9,BR,1561675391,64,-20.63,-46.0,66.37,7.49
36,Lindi,1,TZ,1561675392,86,-10.0,39.71,64.42,4.09
37,Macau,23,BR,1561675393,81,-5.11,-36.64,75.33,20.13
38,Tasiilaq,100,GL,1561675394,93,65.61,-37.64,44.6,5.82
39,Port Blair,100,IN,1561675160,79,11.67,92.75,84.06,23.78
40,Meulaboh,15,ID,1561675397,78,4.14,96.13,80.84,7.9
41,New Norfolk,75,AU,1561675398,66,-42.78,147.06,57.0,10.29
42,Mayo,90,CA,1561675399,22,63.59,-135.9,75.2,5.82
43,Norman Wells,75,CA,1561675400,26,65.28,-126.83,71.6,8.05
44,Wanaka,18,NZ,1561675401,73,-44.7,169.14,37.12,4.79
45,Lander,1,US,1561675403,15,42.83,-108.73,91.0,16.11
46,Harper,1,US,1561675404,42,30.3,-99.24,89.6,11.41
47,Okhotsk,5,RU,1561675241,37,59.36,143.24,71.15,19.08
48,Sweetwater,1,US,1561675406,40,32.47,-100.41,91.99,10.29
49,Leningradskiy,91,RU,1561675407,91,69.38,178.42,37.75,6.4
50,Hasaki,75,JP,1561675408,100,35.73,140.83,77.0,3.36
51,Castro,0,CL,1561675133,83,-42.48,-73.76,37.4,8.05
52,Pangody,1,RU,1561675132,72,65.85,74.49,46.98,7.29
53,Praia da Vitoria,75,PT,1561675412,77,38.73,-27.07,64.4,14.07
54,Quatre Cocos,20,MU,1561675413,78,-20.21,57.76,73.4,11.41
55,Kieta,25,PG,1561675168,70,-6.22,155.63,84.13,6.26
56,Kahului,20,US,1561675219,62,20.89,-156.47,86.0,9.17
57,Palmer,0,AU,1561675416,51,-34.85,139.16,62.01,18.34
58,Houma,100,CN,1561675401,87,35.63,111.36,66.37,8.16
59,Slave Lake,75,CA,1561675418,52,55.28,-114.77,69.8,16.11
60,Severo-Kurilsk,100,RU,1561675186,88,50.68,156.12,41.99,9.82
61,Port Alfred,0,ZA,1561675156,32,-33.59,26.89,70.0,5.99
62,Atuona,0,PF,1561675422,74,-9.8,-139.03,80.84,13.35
63,Aklavik,40,CA,1561675423,38,68.22,-135.01,60.8,4.7
64,Paamiut,3,GL,1561675424,89,61.99,-49.67,40.77,12.82
65,Geraldton,40,CA,1561675425,38,49.72,-86.95,77.0,10.29
66,Albany,75,US,1561675250,37,42.65,-73.75,84.0,16.11
67,Torbay,5,CA,1561675428,93,47.66,-52.73,50.0,4.7
68,Yar-Sale,71,RU,1561675224,60,66.83,70.83,50.0,7.7
69,Muros,0,ES,1561675280,82,42.77,-9.06,63.0,2.24
70,Bainbridge,79,US,1561675431,38,30.9,-84.58,91.4,5.91
71,Ushuaia,20,AR,1561675144,92,-54.81,-68.31,28.4,17.22
72,Huarmey,12,PE,1561675329,88,-10.07,-78.15,63.45,17.34
73,Luderitz,0,NA,1561675434,93,-26.65,15.16,50.0,4.7
74,Hermanus,83,ZA,1561675217,84,-34.42,19.24,55.99,11.01
75,Kenai,1,US,1561675437,52,60.55,-151.26,77.0,6.93
76,Half Moon Bay,75,US,1561675301,72,37.46,-122.43,73.99,13.87
77,Belousovka,83,KZ,1561675439,93,50.13,82.52,57.2,6.71
78,Mecca,38,SA,1561675440,42,21.43,39.83,86.42,5.12
79,Avarua,98,CK,1561675441,73,-21.21,-159.78,75.2,6.93
80,Craig,1,US,1561675443,18,40.52,-107.55,82.4,18.34
81,Blackfoot,1,US,1561675444,20,43.19,-112.35,82.4,10.29
82,Mar del Plata,2,AR,1561675445,48,-46.43,-67.52,30.8,8.1
83,Kongoussi,54,BF,1561675446,31,13.32,-1.53,92.86,12.53
84,Yarim,100,YE,1561675447,53,14.3,44.38,75.6,2.46
85,Marzuq,53,YE,1561675448,34,14.4,46.47,79.61,4.5
86,Arona,0,IT,1561675450,69,45.76,8.56,88.0,10.29
87,Puerto Ayora,0,EC,1561675451,73,-0.74,-90.35,77.0,19.46
88,Bhavnagar,92,IN,1561675452,73,21.77,72.14,84.74,11.68
89,Tafalla,92,ES,1561675453,18,42.53,-1.67,91.4,3.36
90,Arman,29,RU,1561675454,44,59.7,150.17,64.49,3.49
91,Trelew,98,AR,1561675315,68,-43.25,-65.31,36.76,20.0
92,Ribeira Grande,38,PT,1561675174,73,38.52,-28.7,63.88,12.01
93,Marystown,69,CA,1561675458,78,47.17,-55.16,52.61,4.76
94,Cidreira,0,BR,1561675459,88,-30.17,-50.22,60.55,12.1
95,Bandarbeyla,100,SO,1561675460,58,9.49,50.81,78.97,29.17
96,Hobart,75,AU,1561675246,66,-42.88,147.33,57.0,10.29
97,Zhigansk,95,RU,1561675463,61,66.77,123.37,68.67,13.38
98,Necochea,100,AR,1561675464,77,-38.55,-58.74,48.99,8.99
99,Dolinsk,85,RU,1561675465,82,47.32,142.8,55.4,6.71
100,Porto Nacional,0,BR,1561675466,45,-10.7,-48.41,82.4,3.36
101,Araxa,0,BR,1561675467,46,-19.59,-46.94,73.4,3.36
102,Pisco,90,PE,1561675468,30,-13.71,-76.2,71.6,6.93
103,Palu,100,ID,1561675470,85,-0.9,119.87,77.65,1.99
104,Provideniya,90,RU,1561675471,87,64.42,-173.23,50.0,8.95
105,Jadu,0,LY,1561675472,61,31.95,12.03,75.22,2.48
106,Hillsboro,1,US,1561675281,58,39.16,-89.49,89.01,9.17
107,Kharp,79,RU,1561675474,75,66.82,65.8,47.16,1.41
108,Ostrovnoy,100,RU,1561675475,97,68.05,39.51,39.44,14.58
109,Kangaatsiaq,0,GL,1561675477,80,68.31,-53.46,37.78,22.15
110,Ariquemes,32,BR,1561675478,70,-9.91,-63.03,77.17,0.34
111,Kodiak,1,US,1561675479,59,39.95,-94.76,89.6,17.22
112,Tharad,98,IN,1561675480,73,24.39,71.63,85.68,17.11
113,Cap-aux-Meules,90,CA,1561675481,93,47.38,-61.86,51.8,5.82
114,Saskylakh,100,RU,1561675482,39,71.97,114.09,58.1,7.85
115,Ambilobe,0,MG,1561675484,91,-13.19,49.05,69.89,2.95
116,Thompson,75,CA,1561675326,35,55.74,-97.86,71.6,4.7
117,Haines Junction,83,CA,1561675448,35,60.75,-137.51,66.78,2.51
118,Talnakh,75,RU,1561675232,75,69.49,88.39,46.4,11.18
119,Salalah,75,OM,1561675488,88,17.01,54.1,82.4,10.29
120,Grand Gaube,20,MU,1561675489,78,-20.01,57.66,73.4,11.41
121,Yeppoon,93,AU,1561675490,72,-23.13,150.74,64.4,8.05
122,Balkanabat,48,TM,1561675492,35,39.51,54.36,87.44,13.02
123,Brownfield,40,US,1561675493,30,33.18,-102.27,96.01,17.22
124,Gat,88,SN,1561675494,88,14.69,-16.54,77.0,6.93
125,Raudeberg,73,NO,1561675495,76,61.99,5.14,50.0,5.82
126,Chuy,61,UY,1561675496,70,-33.69,-53.46,51.79,11.25
127,Nikolskoye,90,RU,1561675498,93,59.7,30.79,57.99,11.18
128,Mazeikiai,0,LT,1561675499,65,56.32,22.33,52.15,9.75
129,Mehamn,85,NO,1561675500,86,71.03,27.85,39.94,23.31
130,San Rafael,0,AR,1561675502,43,-34.61,-68.33,49.18,2.26
131,Lamar,1,US,1561675503,19,38.09,-102.62,90.0,24.16
132,Dongying,90,CN,1561675504,52,37.43,118.67,83.63,13.62
133,Hithadhoo,100,MV,1561675505,69,-0.6,73.08,83.77,5.28
134,Lagoa,0,PT,1561675260,60,37.14,-8.45,69.8,10.29
135,San Patricio,32,PY,1561675260,88,-26.98,-56.83,65.3,9.1
136,Joao Pinheiro,43,BR,1561675508,63,-17.74,-46.17,68.45,4.07
137,Fukue,75,JP,1561675510,94,35.03,136.69,79.0,9.17
138,Cap Malheureux,20,MU,1561675511,78,-19.98,57.61,73.4,11.41
139,Bredasdorp,45,ZA,1561675512,54,-34.53,20.04,55.99,4.7
140,Qasigiannguit,75,GL,1561675513,69,68.82,-51.19,39.2,13.87
141,Kautokeino,98,NO,1561675514,66,69.01,23.04,38.63,11.77
142,Yuzhou,90,CN,1561675515,88,34.16,113.47,71.6,6.71
143,Wanning,0,AT,1561675274,35,48.64,13.53,71.6,5.82
144,Grand Bend,1,CA,1561675518,42,43.31,-81.76,84.2,9.17
145,Port Elizabeth,1,US,1561675237,36,39.31,-74.98,91.4,5.82
146,Mjolby,0,SE,1561675520,76,58.33,15.12,60.8,5.82
147,Lao Cai,98,VN,1561675387,95,22.48,103.95,68.67,3.51
148,Breytovo,100,RU,1561675522,95,58.3,37.86,51.17,9.24
149,Yichun,100,CN,1561675523,96,47.72,128.88,50.67,8.79
150,Portobelo,40,PA,1561675525,88,9.55,-79.65,82.0,10.29
151,Namatanai,63,PG,1561675526,75,-3.66,152.44,81.88,9.35
152,Yellowknife,40,CA,1561675527,24,62.45,-114.38,62.6,10.29
153,Bathsheba,40,BB,1561675528,74,13.22,-59.52,82.4,19.46
154,Esperance,37,AU,1561675529,87,-33.86,121.89,42.8,17.22
155,Srednekolymsk,100,RU,1561675530,40,67.46,153.71,59.11,15.03
156,Lubliniec,0,PL,1561675532,72,50.67,18.68,64.0,3.36
157,Guerrero Negro,0,MX,1561675533,84,27.97,-114.04,64.62,17.31
158,Kailua,75,US,1561675390,78,21.39,-157.74,82.99,14.99
159,Gazojak,100,TM,1561675535,37,41.19,61.4,75.38,7.99
160,Coralici,98,BA,1561675536,99,45.01,15.87,62.82,1.77
161,Watsa,31,CD,1561675537,98,3.04,29.53,63.83,2.28
162,Leh,76,IN,1561675539,59,34.16,77.58,28.01,3.98
163,Rocha,45,UY,1561675540,84,-34.48,-54.34,43.29,8.23
164,Margate,75,AU,1561675541,66,-43.03,147.26,57.0,10.29
165,Itupiranga,0,BR,1561675542,65,-5.13,-49.33,80.6,2.24
166,Vao,35,EE,1561675543,59,59.1,26.19,58.27,15.5
167,Cherskiy,100,RU,1561675544,79,68.75,161.3,49.72,11.7
168,Pochutla,40,MX,1561675546,66,15.74,-96.47,91.0,13.87
169,Aketi,100,CD,1561675547,99,2.74,23.78,67.18,2.01
170,Ossora,100,RU,1561675548,91,59.24,163.07,43.99,3.74
171,Wegrow,0,PL,1561675549,78,52.4,22.02,63.0,1.99
172,Udachnyy,75,RU,1561675550,77,66.42,112.4,60.8,6.71
173,Victoria,90,BN,1561675551,83,5.28,115.24,80.6,13.11
174,Cabedelo,75,BR,1561675553,78,-6.97,-34.84,77.0,9.17
175,Katsuura,75,JP,1561675287,100,33.93,134.5,77.0,2.24
176,Shieli,67,KZ,1561675555,32,44.18,66.74,80.82,7.76
177,Pundaguitan,97,PH,1561675556,77,6.37,126.17,82.24,4.54
178,Ipubi,17,BR,1561675557,85,-7.65,-40.15,68.04,8.34
179,Tiksi,94,RU,1561675558,73,71.64,128.87,45.38,11.21
180,Champerico,75,MX,1561675560,58,16.38,-93.6,86.0,14.99
181,Sisimiut,91,GL,1561675561,85,66.94,-53.67,36.05,25.14
182,Chokurdakh,0,RU,1561675562,38,70.62,147.9,60.5,11.34
183,Kiruna,100,SE,1561675563,70,67.86,20.23,42.8,4.5
184,Mount Gambier,40,AU,1561675564,62,-37.83,140.78,57.2,17.22
185,Emerald,41,AU,1561675566,87,-23.53,148.16,61.0,13.87
186,Dingle,93,PH,1561675567,86,11.0,122.67,77.65,8.14
187,Waterlooville,0,GB,1561675568,82,50.88,-1.03,62.01,8.05
188,Hovd,75,NO,1561675569,87,63.83,10.7,51.01,14.99
189,La Rioja,0,AR,1561675570,44,-29.41,-66.86,46.22,2.21
190,Beloha,3,MG,1561675571,89,-25.17,45.06,66.06,9.4
191,Lokosovo,100,RU,1561675573,90,61.13,74.84,46.55,13.49
192,Karlskoga,4,SE,1561675574,62,59.33,14.52,55.4,3.36
193,Sept-Iles,90,CA,1561675486,87,50.2,-66.38,57.0,9.17
194,Ilulissat,75,GL,1561675576,69,69.22,-51.1,39.2,13.87
195,Lompoc,1,US,1561675577,60,34.64,-120.46,77.0,16.11
196,General Roca,0,AR,1561675384,54,-39.03,-67.58,55.4,6.93
197,Port Augusta,0,AU,1561675580,67,-32.49,137.76,61.0,11.41
198,Cayenne,0,GF,1561675581,83,4.94,-52.33,80.6,4.7
199,Carndonagh,14,IE,1561675582,81,55.25,-7.27,59.27,15.66
200,Georgetown,75,GY,1561675374,88,6.8,-58.16,78.8,6.93
201,Oranjemund,19,ZA,1561675306,86,-28.55,16.43,54.68,12.95
202,Lubango,0,AO,1561675585,94,-14.92,13.49,50.74,1.01
203,Lebedinyy,34,RU,1561675587,44,58.52,125.52,65.12,10.58
204,Los Llanos de Aridane,20,ES,1561675588,68,28.66,-17.92,71.6,11.41
205,Crotone,0,IT,1561675589,56,39.09,17.12,74.32,3.51
206,Huron,40,US,1561675590,58,44.36,-98.21,89.6,6.93
207,Harrisburg,1,US,1561675591,29,40.27,-76.89,91.4,5.82
208,Calvinia,13,ZA,1561675592,95,-31.47,19.78,40.28,5.53
209,Saint-Philippe,75,CA,1561675594,42,45.36,-73.48,84.0,14.99
210,Saint George,0,GR,1561675595,53,39.45,22.34,78.01,3.13
211,Pokhara,29,NP,1561675596,83,28.21,83.99,54.49,2.35
212,Ambovombe,20,MG,1561675597,81,-25.18,46.09,73.06,32.14
213,Zadar,0,HR,1561675598,88,44.12,15.24,79.0,1.12
214,Padilla,20,CO,1561675599,55,3.23,-76.31,86.0,10.29
215,Aden,64,YE,1561675601,49,12.79,45.03,89.48,11.77
216,Codrington,90,AU,1561675602,93,-28.95,153.24,59.0,7.72
217,Vardo,75,US,1561675603,83,39.62,-77.74,88.0,4.14
218,Paulo Ramos,77,BR,1561675604,82,-4.45,-45.24,72.04,0.76
219,Oum Hadjer,97,TD,1561675605,48,13.3,19.7,85.54,13.67
220,Karaton,20,ID,1561675607,78,-6.34,106.1,78.01,3.36
221,Kapuskasing,75,CA,1561675327,44,49.42,-82.43,78.8,11.41
222,Pamanukan,1,ID,1561675609,74,-6.28,107.82,75.6,1.34
223,Votkinsk,22,RU,1561675610,95,57.05,53.99,50.0,1.01
224,Grindavik,90,IS,1561675611,100,63.84,-22.43,53.6,17.22
225,Beringovskiy,85,RU,1561675612,64,63.05,179.32,51.39,8.14
226,Brae,100,GB,1561675613,93,60.4,-1.35,51.8,11.41
227,Atasu,100,KZ,1561675615,86,48.68,71.64,56.66,13.38
228,Saldanha,0,PT,1561675336,77,41.42,-6.55,63.99,2.75
229,Haftoni,92,AZ,1561675617,82,38.76,48.76,68.0,2.55
230,Arraial do Cabo,32,BR,1561675618,90,-22.97,-42.02,72.94,5.86
231,Visby,2,SE,1561675619,77,57.64,18.3,62.6,8.05
232,Amazar,21,RU,1561675620,42,53.86,120.88,68.94,1.28
233,Tibiri,0,NE,1561675622,40,13.57,7.05,90.34,8.84
234,Pinyug,13,RU,1561675623,93,60.25,47.79,46.19,5.55
235,Waipawa,0,NZ,1561675624,95,-39.94,176.59,34.0,1.39
236,Miandrivazo,54,MG,1561675625,76,-19.53,45.46,68.99,2.15
237,Clarksburg,40,US,1561675570,48,39.24,-77.28,89.01,5.82
238,Singaraja,0,ID,1561675627,68,-8.11,115.08,77.22,7.58
239,Greytown,0,ZA,1561675629,60,-29.06,30.59,46.89,2.04
240,North Bend,20,US,1561675630,77,43.41,-124.22,66.99,16.11
241,Hamilton,40,CA,1561675631,35,43.26,-79.87,84.99,3.36
242,Kaitangata,42,NZ,1561675632,62,-46.28,169.85,46.0,11.01
243,Prince Albert,75,CA,1561675633,50,53.2,-105.75,75.2,4.7
244,Verkhoyansk,57,RU,1561675634,26,67.55,133.39,79.31,13.11
245,Kamenka,55,MD,1561675636,75,48.03,28.7,64.0,9.89
246,Almaty,40,KZ,1561675637,55,43.24,76.95,64.4,8.95
247,Sao Joao da Barra,0,BR,1561675638,83,-21.64,-41.05,75.2,4.7
248,Vagur,100,FO,1561675639,96,61.47,-6.81,50.58,14.36
249,Kikuyu,75,KE,1561675640,82,-1.25,36.66,62.6,6.93
250,Laguna,40,BZ,1561675642,66,16.17,-88.94,89.6,9.17
251,Lata,41,IN,1561675643,74,30.78,78.62,35.62,3.11
252,Galesong,0,ID,1561675644,100,-5.32,119.37,69.8,2.24
253,Mandan,1,US,1561675649,61,46.83,-100.89,82.99,9.17
254,Nelson Bay,20,AU,1561675650,100,-32.72,152.14,59.0,7.47
255,Beyneu,2,KZ,1561675651,30,45.32,55.19,72.02,4.07
256,Cockburn Town,79,TC,1561675652,80,21.46,-71.14,82.4,21.85
257,Sao Felix do Xingu,0,BR,1561675653,69,-6.64,-51.99,74.3,4.25
258,Sampit,43,ID,1561675654,98,-2.54,112.95,75.17,1.41
259,Jamestown,0,AU,1561675656,61,-33.21,138.6,61.61,16.71
260,Manokwari,98,ID,1561675657,72,-0.87,134.08,78.48,3.62
261,Montepuez,74,MZ,1561675658,77,-13.13,39.0,63.56,5.77
262,San Joaquin,100,PH,1561675659,90,10.59,122.14,78.82,8.5
263,Katima Mulilo,0,NA,1561675660,55,-17.5,24.28,60.8,4.7
264,Upernavik,54,GL,1561675661,83,72.79,-56.15,33.21,6.51
265,Alofi,75,NU,1561675663,69,-19.06,-169.92,78.8,18.34
266,Nova Olimpia,1,BR,1561675664,52,-14.8,-57.29,76.45,3.58
267,Rock Sound,91,BS,1561675481,73,24.9,-76.2,83.34,12.68
268,Puerto Escondido,40,MX,1561675666,66,15.86,-97.07,87.8,11.41
269,Charters Towers,100,AU,1561675667,81,-20.07,146.27,65.23,16.31
270,Port-Cartier,90,CA,1561675668,87,50.03,-66.88,57.0,9.17
271,Madang,100,CN,1561675670,88,35.32,102.79,40.82,3.42
272,Dunmore Town,68,BS,1561675671,72,25.5,-76.65,83.09,11.16
273,Vila Velha,0,BR,1561675672,78,-3.71,-38.6,80.6,11.41
274,Camacha,20,PT,1561675673,68,33.08,-16.33,68.0,10.29
275,Pangnirtung,75,CA,1561675674,52,66.15,-65.72,46.4,20.8
276,Pimentel,100,BR,1561675675,91,-3.7,-45.5,74.2,1.41
277,Ardrishaig,18,GB,1561675677,82,56.02,-5.45,61.0,4.7
278,Vestmannaeyjar,100,IS,1561675678,97,63.44,-20.27,52.78,18.48
279,Tilichiki,98,RU,1561675679,73,60.47,166.1,48.91,7.99
280,Souillac,0,FR,1561675680,62,45.6,-0.6,84.2,5.82
281,Port Macquarie,16,AU,1561675681,100,-31.43,152.91,60.01,4.7
282,Sladkovo,47,RU,1561675682,89,55.53,70.34,47.61,4.03
283,Goderich,0,CA,1561675684,72,43.74,-81.71,73.0,3.0
284,Ulaangom,100,MN,1561675685,35,49.98,92.07,67.99,2.3
285,Bambous Virieux,20,MU,1561675686,78,-20.34,57.76,73.4,11.41
286,Sinnamary,99,GF,1561675687,81,5.38,-52.96,81.13,16.28
287,Flin Flon,75,CA,1561675688,40,54.77,-101.88,71.6,10.29
288,Hanzhong,100,CN,1561675689,90,33.08,107.03,65.32,2.08
289,Pa Sang,20,TH,1561675691,83,18.53,98.94,79.0,4.7
290,Bela Vista,53,BR,1561675692,66,-22.11,-56.53,73.33,11.01
291,Nome,40,US,1561675693,65,30.04,-94.42,87.01,8.05
292,Adrar,0,DZ,1561675694,7,27.87,-0.29,98.6,10.29
293,Canakkale,0,TR,1561675695,56,40.15,26.41,73.4,3.36
294,Yamada,75,JP,1561675696,94,36.58,137.08,77.0,2.24
295,Flinders,20,AU,1561675698,100,-34.58,150.85,59.0,10.29
296,Tadine,100,NC,1561675699,86,-21.55,167.88,71.24,14.54
297,Kirksville,1,US,1561675592,59,40.19,-92.58,89.6,14.99
298,Katakwi,6,UG,1561675701,95,1.91,33.96,64.24,4.25
299,Gibara,75,CU,1561675702,78,21.11,-76.13,82.4,12.75
300,Pevek,100,RU,1561675703,95,69.7,170.27,34.63,11.72
301,Mantua,0,IT,1561675705,74,45.16,10.79,87.8,1.12
302,Auki,17,NG,1561675706,75,12.18,6.51,77.33,11.12
303,Lasa,40,CY,1561675707,88,34.92,32.53,77.0,5.82
304,Muisne,75,EC,1561675708,83,0.61,-80.02,80.6,5.82
305,Mayor Pablo Lagerenza,94,PY,1561675709,59,-19.93,-60.77,78.53,9.95
306,Clyde River,20,CA,1561675711,49,70.47,-68.59,48.2,19.46
307,Conceicao do Araguaia,14,BR,1561675712,61,-8.26,-49.26,74.39,0.92
308,Chepareria,79,KE,1561675713,74,1.32,35.2,66.8,7.09
309,Eureka,20,US,1561675469,87,40.8,-124.16,63.0,8.05
310,Belyy Yar,76,RU,1561675715,93,53.6,91.39,57.2,3.49
311,Kudahuvadhoo,17,MV,1561675716,70,2.67,72.89,83.47,7.02
312,Padang,64,ID,1561675718,73,-0.92,100.36,82.21,4.47
313,Sabang,97,PH,1561675719,85,13.8,121.11,79.52,4.68
314,Erenhot,0,CN,1561675720,32,43.65,111.97,67.73,19.55
315,Saint Albans,1,US,1561675721,44,44.81,-73.08,86.0,8.05
316,Murray Bridge,4,AU,1561675722,61,-35.12,139.28,63.0,7.0
317,Lobito,34,AO,1561675723,89,-12.35,13.55,62.05,2.48
318,Lewistown,1,US,1561675725,62,40.39,-90.15,90.0,5.82
319,Bashtanka,93,UA,1561675726,83,47.4,32.45,66.4,12.53
320,Sakaraha,0,MG,1561675727,79,-22.91,44.53,64.19,2.93
321,Dondaicha,100,IN,1561675728,73,21.33,74.56,82.6,11.9
322,Butaritari,1,KI,1561675729,70,3.07,172.79,84.06,11.03
323,Soledad,1,US,1561675608,47,36.43,-121.33,79.0,14.99
324,Vanavara,13,RU,1561675732,49,60.35,102.28,71.03,3.96
325,Fortuna,20,US,1561675733,72,40.6,-124.16,62.6,11.41
326,Sarab,0,IR,1561675734,82,38.61,44.99,53.78,3.04
327,Lichinga,0,MZ,1561675735,73,-13.3,35.25,56.79,3.89
328,Laukaa,0,FI,1561675736,70,62.42,25.95,50.0,9.17
329,Owando,83,CG,1561675737,73,-0.49,15.91,74.3,1.21
330,Elizabeth City,40,US,1561675445,52,36.3,-76.22,91.4,8.05
331,Harlingen,90,NL,1561675740,76,53.18,5.41,60.01,8.05
332,Kristinehamn,20,SE,1561675741,76,59.31,14.11,55.0,4.7
333,San Cristobal,21,HN,1561675742,59,14.68,-86.92,75.04,6.96
334,Ust-Ilimsk,0,RU,1561675743,48,57.96,102.73,71.15,4.27
335,Douglas,20,US,1561675469,30,58.28,-134.39,80.6,18.34
336,Libreville,40,GA,1561675746,83,0.39,9.45,78.8,8.05
337,Lugovskoy,0,RU,1561675747,93,56.96,64.53,52.0,1.36
338,Erzin,75,TR,1561675748,83,36.95,36.2,81.0,3.36
339,Talaban,75,IQ,1561675749,94,35.38,44.92,75.2,4.7
340,Tigil,41,RU,1561675750,48,57.8,158.67,61.88,7.25
341,Berlevag,74,NO,1561675751,83,70.86,29.09,41.8,22.84
342,Tura,78,RU,1561675739,51,64.27,100.22,75.11,5.79
343,Rawson,98,AR,1561675754,68,-43.3,-65.11,36.76,20.0
344,Mitsamiouli,11,KM,1561675755,80,-11.38,43.28,77.54,19.82
345,Salinopolis,3,BR,1561675756,78,-0.61,-47.36,82.93,19.6
346,Mirnyy,100,RU,1561675757,99,56.57,36.46,56.38,0.56
347,Bambanglipuro,90,ID,1561675759,75,-7.95,110.28,77.0,13.49
348,Iqaluit,40,CA,1561675760,62,63.75,-68.52,51.8,8.05
349,Pachino,1,IT,1561675761,78,36.72,15.09,73.4,3.36
350,Kavaratti,44,IN,1561675762,75,10.57,72.64,83.2,16.35
351,Banjar,96,ID,1561675763,90,-7.37,108.54,70.67,0.89
352,Szczytno,0,PL,1561675764,83,53.57,20.99,51.89,6.26
353,Ukiah,1,US,1561675766,33,39.15,-123.21,75.0,11.41
354,Aranos,0,NA,1561675767,29,-24.14,19.11,55.17,8.77
355,Grootfontein,0,NA,1561675768,60,-19.56,18.1,47.9,4.07
356,Jalu,0,LY,1561675769,44,29.03,21.55,82.31,10.25
357,Sur,0,OM,1561675770,63,22.57,59.53,84.85,14.67
358,Faanui,67,PF,1561675772,81,-16.48,-151.75,79.06,13.73
359,Rupert,1,US,1561675773,22,42.62,-113.68,78.8,11.41
360,Havre-Saint-Pierre,90,CA,1561675774,93,50.23,-63.6,53.6,10.29
361,Puri,0,ID,1561675775,78,-7.54,112.45,72.32,14.63
362,Buala,100,SB,1561675776,75,-8.15,159.59,83.03,9.08
363,Venado,0,MX,1561675777,42,22.93,-101.09,71.32,19.22
364,Barcelos,17,BR,1561675779,95,-0.97,-62.93,75.19,2.55
365,Barentu,18,ER,1561675780,68,15.11,37.59,71.57,5.86
366,Constanza,75,DO,1561675781,100,18.91,-70.74,75.2,9.17
367,Puerto del Rosario,20,ES,1561675782,68,28.5,-13.86,71.6,14.99
368,Armacao de Pera,0,PT,1561675490,60,37.1,-8.36,69.8,10.29
369,Palora,75,EC,1561675784,69,-1.7,-77.97,78.8,6.93
370,Lakselv,100,NO,1561675785,70,70.05,24.96,42.8,27.51
371,Melita,48,CA,1561675657,47,49.27,-100.98,82.99,5.01
372,Ishikawa,75,JP,1561675788,100,37.14,140.45,80.01,2.24
373,Pitimbu,75,BR,1561675789,78,-7.47,-34.81,77.0,9.17
374,Zrece,88,SI,1561675790,88,46.38,15.38,73.4,3.36
375,Oksfjord,75,NO,1561675791,80,70.24,22.35,42.8,35.57
376,College,90,US,1561675792,37,64.86,-147.8,78.8,2.08
377,Broome,4,GB,1561675794,87,52.47,1.45,57.0,9.17
378,Nyuksenitsa,42,RU,1561675795,88,60.41,44.24,45.29,5.01
379,Orocue,24,CO,1561675796,86,4.79,-71.34,77.76,5.61
380,Turukhansk,94,RU,1561675797,94,65.8,87.96,49.82,10.49
381,Yumen,1,CN,1561675798,33,40.29,97.04,68.6,10.94
382,Pavlovsk,0,RU,1561675799,59,53.31,82.99,66.2,6.71
383,Vostok,100,RU,1561675801,98,46.45,135.83,49.48,3.98
384,Biltine,73,TD,1561675802,57,14.53,20.93,82.28,10.09
385,Hambantota,100,LK,1561675803,77,6.12,81.12,82.4,19.01
386,Baykit,66,RU,1561675804,40,61.68,96.39,74.18,5.12
387,Rio Cuarto,0,AR,1561675537,40,-33.13,-64.35,51.8,5.82
388,Hobyo,84,SO,1561675806,76,5.35,48.53,76.0,22.95
389,Rio Claro,0,BR,1561675808,82,-22.41,-47.56,64.4,1.12
390,Kyabe,37,TD,1561675809,85,9.45,18.94,73.58,3.27
391,Pershotravneve,18,UA,1561675810,79,51.38,28.88,56.59,11.77
392,Beira,0,ES,1561675811,93,43.2,-8.36,64.0,3.36
393,Najran,0,SA,1561675812,13,17.54,44.22,89.6,3.36
394,Borcea,0,RO,1561675813,83,44.33,27.73,77.0,11.41
395,Vangaindrano,85,MG,1561675815,94,-23.35,47.6,66.89,3.91
396,Magadan,26,RU,1561675816,75,59.56,150.8,50.69,6.89
397,Viedma,18,AR,1561675817,54,-40.81,-62.99,52.85,10.47
398,Rakek,20,SI,1561675818,94,45.81,14.32,80.6,4.7
399,Luwingu,0,ZM,1561675819,74,-10.26,29.92,50.96,4.25
400,Shaunavon,93,CA,1561675821,72,49.65,-108.41,68.63,19.22
401,Roccastrada,0,IT,1561675822,73,43.01,11.17,82.0,2.24
402,Burnie,61,AU,1561675823,97,-41.05,145.91,51.01,4.0
403,San Quintin,100,PH,1561675824,96,17.54,120.52,74.48,5.06
404,Oga,0,IT,1561675825,67,46.46,10.35,71.6,4.7
405,Ocean City,20,US,1561675826,38,30.44,-86.61,95.0,4.68
406,Port-Gentil,20,GA,1561675828,88,-0.72,8.78,75.2,4.7
407,Hualmay,17,PE,1561675829,86,-11.1,-77.61,63.14,16.73
408,Dolores,45,UY,1561675830,72,-33.53,-58.22,50.0,13.71
409,Djambala,0,CG,1561675831,58,-2.55,14.76,70.11,3.4
410,Faya,0,SA,1561675832,9,18.39,42.45,77.0,3.36
411,Maceio,40,BR,1561675833,78,-9.67,-35.74,73.4,2.24
412,Vestmanna,90,FO,1561675835,100,62.16,-7.17,50.0,13.87
413,Yueyang,92,CN,1561675836,80,29.36,113.12,84.13,11.34
414,Takoradi,83,GH,1561675837,94,4.89,-1.75,73.17,4.09
415,Constitucion,75,MX,1561675838,17,23.99,-104.67,82.99,11.41
416,Agadir,0,MA,1561675839,77,30.42,-9.58,66.2,3.36
417,Wilmington,40,US,1561675840,33,39.75,-75.55,90.0,4.7
418,Ahipara,12,NZ,1561675841,72,-35.17,173.16,57.89,12.01
419,Travesia,40,HN,1561675843,66,15.87,-87.9,87.8,18.34
420,Batemans Bay,17,AU,1561675844,91,-35.71,150.18,51.01,2.91
421,Kumluca,9,TR,1561675845,66,36.37,30.29,66.44,4.16
422,Manavalakurichi,20,IN,1561675846,88,8.13,77.3,80.6,6.93
423,Mareeba,40,AU,1561675847,73,-16.99,145.42,75.99,11.41
424,Kortkeros,94,RU,1561675849,100,61.81,51.56,48.0,2.24
425,Guane,25,CU,1561675850,74,22.2,-84.09,84.4,19.24
426,Pergamino,100,AR,1561675851,71,-33.9,-60.57,52.0,3.0
427,Salta,0,AR,1561675852,54,-24.79,-65.41,59.0,6.93
428,Murgab,40,TM,1561675853,39,37.5,61.97,78.8,6.93
429,Nemuro,100,JP,1561675854,82,43.32,145.57,48.83,12.82
430,Gopalganj,87,BD,1561675856,80,23.01,89.83,84.17,11.99
431,Prince Rupert,90,CA,1561675857,82,54.32,-130.32,60.8,4.7
432,Bayanday,96,RU,1561675858,71,53.07,105.52,59.83,3.24
433,Ulkan,0,RU,1561675859,42,57.24,107.32,72.0,11.48
434,Peleduy,0,RU,1561675860,41,59.63,112.75,74.25,8.32
435,Axim,100,GH,1561675861,87,4.87,-2.24,76.9,10.51
436,Kuryk,0,KZ,1561675863,26,43.18,51.68,73.48,4.25
437,Oistins,40,BB,1561675864,74,13.07,-59.53,82.4,19.46
438,Kruisfontein,0,ZA,1561675865,19,-34.0,24.73,55.03,11.01
439,Polson,1,US,1561675728,52,47.69,-114.16,70.0,4.7
440,Kingori,20,TZ,1561675867,91,-3.38,37.02,60.68,3.91
441,Miyako,75,JP,1561675868,88,33.63,130.94,77.0,8.05
442,Taywarah,0,AF,1561675870,30,33.35,64.42,56.72,7.31
443,Portland,90,US,1561675871,82,43.66,-70.25,75.0,8.05
444,Zambezi,0,ZM,1561675872,53,-13.55,23.12,55.15,4.25
445,Cajazeiras,47,BR,1561675658,87,-6.89,-38.56,71.98,8.16
446,Christchurch,43,NZ,1561675874,47,-43.53,172.64,39.2,1.12
447,Maniitsoq,0,GL,1561675875,64,65.42,-52.9,41.9,25.95
448,Yarada,91,IN,1561675877,76,17.65,83.27,84.46,13.04
449,Ocampo,60,MX,1561675878,48,27.32,-102.4,76.59,22.5
450,Tuatapere,64,NZ,1561675879,88,-46.13,167.69,46.0,4.0
451,Saint-Francois,0,FR,1561675880,73,46.42,3.91,77.0,3.36
452,Koslan,69,RU,1561675881,69,63.46,48.9,48.67,5.32
453,Whitehaven,75,US,1561675882,58,35.03,-90.03,82.99,5.82
454,Northam,75,AU,1561675884,93,-31.65,116.67,46.4,3.36
455,Grand Forks,40,US,1561675885,57,47.91,-97.06,84.2,9.17
456,Chibombo,0,ZM,1561675886,76,-14.68,28.09,52.45,5.64
457,Sioux Lookout,75,CA,1561675776,38,50.1,-91.92,80.6,11.41
458,Fort Wellington,100,GY,1561675888,97,6.4,-57.6,73.48,3.13
459,Silver City,1,US,1561675889,15,32.77,-108.28,93.2,8.05
460,Chantada,0,ES,1561675891,82,42.61,-7.77,64.0,2.24
461,Tirumullaivasal,100,IN,1561675892,65,11.24,79.84,82.48,6.89
462,Piopio,0,CL,1561675893,60,-42.79,-73.57,41.0,5.82
463,Pasighat,100,IN,1561675894,99,28.06,95.33,69.55,2.8
464,Zabaykalsk,100,CN,1561675895,56,49.64,117.33,60.32,23.4
465,Malayal,75,PH,1561675896,88,7.21,121.94,80.6,2.24
466,Tutoia,0,BR,1561675898,83,-2.76,-42.27,82.4,8.05
467,Trindade,0,BR,1561675899,44,-16.66,-49.49,75.2,6.93
468,Makakilo City,75,US,1561675696,100,21.35,-158.09,82.99,9.17
469,Port Lincoln,58,AU,1561675901,65,-34.72,135.86,61.9,27.36
470,Nanortalik,100,GL,1561675902,98,60.14,-45.24,38.11,3.4
471,Lavrentiya,100,RU,1561675903,94,65.58,-170.99,48.19,6.44
472,Husavik,40,CA,1561675905,27,50.56,-96.99,82.99,5.01
473,Rosetown,84,CA,1561675906,46,51.55,-107.99,73.0,10.0
474,Dhidhdhoo,69,MV,1561675907,73,6.88,73.1,83.45,12.08
475,Caarapo,33,BR,1561675707,92,-22.63,-54.82,66.85,10.85
476,Licheng,51,CN,1561675909,88,24.5,110.4,80.41,3.47
477,Monrovia,75,LR,1561675910,94,6.33,-10.8,77.0,6.53
478,Lagos,92,NG,1561675912,93,6.46,3.39,74.68,4.47
479,Pardina,92,RO,1561675913,64,45.31,28.96,73.4,10.29
480,Vila Franca do Campo,20,PT,1561675914,82,37.72,-25.43,62.6,6.93
481,Poum,20,MK,1561675915,72,41.28,20.71,62.6,9.17
482,Hansot,40,IN,1561675916,89,21.59,72.81,84.2,9.17
483,Altamirano,0,AR,1561675917,58,-35.36,-58.15,53.6,5.82
484,Matadi,6,CD,1561675919,93,-5.83,13.46,65.3,2.17
485,Ghanzi,16,BW,1561675920,40,-21.7,21.65,57.19,10.22
486,Verkh-Usugli,100,RU,1561675921,57,52.7,115.17,61.43,6.82
487,Belaya Gora,15,RU,1561675922,25,68.54,146.19,67.93,8.75
488,Nouadhibou,0,MR,1561675923,64,20.93,-17.03,71.6,20.8
489,Egvekinot,100,RU,1561675925,95,66.32,-179.17,43.81,6.44
490,Ayan,0,IR,1561675926,82,38.23,44.7,53.78,3.04
491,Suntar,95,RU,1561675927,58,62.16,117.65,72.68,1.86
492,Yumaguzino,88,RU,1561675928,79,52.9,56.39,51.44,4.52
493,Junagadh,74,IN,1561675929,76,21.52,70.46,84.06,14.94
494,Mogadouro,0,PT,1561675648,77,41.34,-6.71,63.99,2.75
495,Arlit,95,NE,1561675932,18,18.74,7.39,95.51,2.06
496,Lososina,52,RU,1561675933,53,49.0,140.31,60.71,3.4
497,Launceston,93,AU,1561675934,93,-41.43,147.14,46.0,10.29
498,San Jose,20,HN,1561675716,38,14.25,-87.96,89.6,8.05
499,Araceli,100,PH,1561675936,87,10.55,119.99,80.26,1.83
500,Kijang,75,KR,1561675937,83,35.24,129.21,75.2,9.17
501,Zima,100,RU,1561675938,89,53.93,102.05,59.42,5.7
502,Evensk,100,RU,1561675940,82,61.92,159.24,52.52,2.35
503,Mortka,98,RU,1561675941,75,59.33,66.02,48.24,0.69
504,Verkhnyaya Sysert,92,RU,1561675942,100,56.44,60.75,42.8,4.36
505,Bangangte,100,CM,1561675943,99,5.14,10.52,66.69,1.63
506,Liberta,98,ML,1561675944,80,12.26,-11.02,76.28,5.21
507,Warnes,90,BO,1561675945,93,-17.51,-63.16,66.2,17.22
508,Borogontsy,0,RU,1561675947,35,62.67,131.17,77.65,4.61
509,Honningsvag,96,NO,1561675948,92,70.98,25.97,41.09,26.82
510,Zhangye,91,CN,1561675949,36,38.94,100.46,63.02,9.64
511,Mercedes,45,UY,1561675950,72,-33.25,-58.03,50.0,13.71
512,Alice Springs,0,AU,1561675951,59,-23.7,133.88,37.4,4.7
513,Saint Anthony,1,US,1561675952,26,43.97,-111.68,80.6,14.99
514,Balakhninskiy,0,RU,1561675954,50,58.01,114.28,68.63,5.26
515,Tiarei,75,PF,1561675955,78,-17.53,-149.33,80.6,18.34
516,Villeneuve-sur-Lot,0,FR,1561675956,73,44.41,0.7,82.0,5.82
517,Dauphin,1,CA,1561675957,32,51.15,-100.04,80.6,5.82
518,Ixtapa,75,MX,1561675958,52,20.71,-105.21,89.01,14.99
519,Klaksvik,90,FO,1561675960,100,62.23,-6.59,50.0,13.87
520,Moerai,28,PF,1561675961,77,-22.43,-151.33,70.79,17.52
521,Tagusao,100,PH,1561675962,79,9.19,117.81,82.06,13.58
522,Shingu,75,JP,1561675963,88,33.72,135.99,77.0,4.7
523,Sechura,13,PE,1561675964,86,-5.56,-80.82,66.01,14.05
524,Churapcha,0,RU,1561675965,43,62.0,132.43,74.88,8.66
525,Isangel,90,VU,1561675967,94,-19.55,169.27,73.4,17.92
526,Banda Aceh,65,ID,1561675927,79,5.56,95.32,83.21,17.81
527,Chaman,0,AF,1561675969,12,30.92,66.46,70.94,2.73
528,Guantanamo,40,BO,1561675970,78,-16.14,-62.05,77.0,3.09
529,Lorengau,79,PG,1561675971,79,-2.02,147.27,82.84,9.89
530,Bonthe,100,SL,1561675972,89,7.53,-12.5,77.24,6.15
531,Keti Bandar,56,PK,1561675974,81,24.14,67.45,84.19,21.43
532,Jacareacanga,17,BR,1561675975,68,-6.22,-57.76,77.8,1.41
533,La Ronge,75,CA,1561675976,60,55.1,-105.3,68.0,6.93
534,Goma,99,CD,1561675925,98,-1.67,29.23,53.95,2.35
535,Saint-Leu,0,RE,1561675978,69,-21.15,55.28,73.4,24.16
536,Kanye,0,BW,1561675979,59,-24.98,25.34,53.19,13.33
537,Riviere-au-Renard,90,CA,1561675980,77,49.0,-64.4,59.0,3.36
538,Longyearbyen,75,NO,1561675982,69,78.22,15.63,35.6,16.11
539,Anadyr,40,RU,1561675983,71,64.73,177.51,51.8,17.9
540,Talen,83,IN,1561675984,77,23.57,76.72,78.8,8.97
541,Nuuk,20,GL,1561675985,76,64.17,-51.74,48.2,9.17
542,Oswego,1,US,1561675986,62,37.17,-95.11,91.4,13.87
543,Gushikawa,40,JP,1561675988,88,26.35,127.87,82.4,9.17
544,Ovalle,72,CL,1561675989,77,-30.6,-71.2,50.71,1.99
545,Chimoio,75,MZ,1561675990,87,-19.11,33.48,60.8,1.32
546,Bonavista,91,CA,1561675991,82,48.65,-53.11,46.99,1.99
547,Bua Yai,88,TH,1561675992,74,15.59,102.43,78.97,14.97
548,Bilibino,100,RU,1561675994,84,68.06,166.44,45.11,3.11
549,Manta,93,RO,1561675939,68,45.1,24.1,70.45,2.8
550,Biak,100,ID,1561675996,95,-0.91,122.88,65.47,4.94
551,Nabire,100,ID,1561675997,96,-3.36,135.5,72.72,3.74
552,Carauari,5,BR,1561675998,89,-4.88,-66.9,75.47,0.65
553,Matamoros,20,US,1561675895,63,25.87,-97.51,91.4,13.87
554,Taltal,54,CL,1561676000,88,-25.41,-70.49,50.45,2.53
555,Phuket,20,TH,1561675843,66,7.89,98.4,84.2,8.05
556,Babu,99,CN,1561676003,88,23.23,104.89,69.86,3.02
557,Deputatskiy,0,RU,1561676004,24,69.3,139.9,67.55,5.37
